variable,kappa_unweighted,kappa_weighted,percent_agreement
topic_cat,0.317946505608283,0.3337695570381966,0.39215686274509803
tool_use_type,0.1561016315138262,0.2037156258622276,0.32211538461538464
